YEAR,MONTH,NAtl,ANOM_NAtl,SAtl,ANOM_SAtl,TROP,ANOM_TROP
1982,1,25.67,-0.33,25.26,-0.34,27.38,-0.20
1982,2,25.35,-0.21,26.04,-0.44,27.57,-0.22
1982,3,25.37,-0.17,26.56,-0.46,27.94,-0.26
1982,4,25.36,-0.52,26.26,-0.65,28.40,-0.13
1982,5,26.11,-0.22,25.34,-0.80,28.46,0.02
1982,6,26.52,-0.20,24.19,-0.70,27.88,-0.06
1982,7,26.65,-0.53,23.02,-0.70,27.17,-0.24
1982,8,27.23,-0.50,22.08,-0.95,26.97,-0.17
1982,9,27.59,-0.55,22.35,-0.58,27.14,-0.05
1982,10,27.37,-0.76,22.94,-0.36,27.53,0.11
1982,11,26.76,-0.83,23.39,-0.51,27.74,0.13
1982,12,25.86,-0.93,24.17,-0.51,27.93,0.34
1983,1,25.47,-0.53,25.62,0.01,27.92,0.34
1983,2,25.40,-0.16,26.55,0.06,28.09,0.30
1983,3,25.82,0.27,26.59,-0.43,28.35,0.15
1983,4,26.25,0.36,26.39,-0.53,28.61,0.08
1983,5,26.55,0.22,25.34,-0.81,28.53,0.09
1983,6,26.86,0.14,24.16,-0.73,28.14,0.19
1983,7,26.94,-0.25,23.12,-0.60,27.45,0.03
1983,8,27.24,-0.49,22.69,-0.34,27.12,-0.01
1983,9,27.78,-0.37,22.77,-0.16,27.09,-0.10
1983,10,27.33,-0.81,22.94,-0.36,27.08,-0.35
1983,11,27.11,-0.48,23.81,-0.09,27.15,-0.46
1983,12,26.55,-0.24,24.77,0.09,27.17,-0.42
1984,1,25.72,-0.28,25.77,0.17,27.18,-0.40
1984,2,25.23,-0.34,26.70,0.22,27.41,-0.37
1984,3,25.11,-0.44,27.29,0.27,27.85,-0.35
1984,4,25.19,-0.69,27.05,0.14,28.12,-0.41
1984,5,25.66,-0.67,26.08,-0.06,27.87,-0.56
1984,6,26.07,-0.65,25.09,0.21,27.34,-0.61
1984,7,26.33,-0.86,23.93,0.21,27.00,-0.42
1984,8,26.99,-0.74,23.53,0.51,26.73,-0.40
1984,9,27.38,-0.77,23.57,0.63,26.93,-0.26
1984,10,27.20,-0.93,23.60,0.30,26.94,-0.49
1984,11,26.71,-0.88,24.05,0.14,27.13,-0.49
1984,12,26.02,-0.77,24.72,0.05,26.98,-0.61
1985,1,25.39,-0.61,25.66,0.06,26.95,-0.63
1985,2,24.95,-0.61,26.65,0.17,27.22,-0.57
1985,3,24.68,-0.87,26.70,-0.33,27.55,-0.65
1985,4,24.91,-0.97,26.61,-0.30,27.86,-0.67
1985,5,25.38,-0.96,25.90,-0.24,27.73,-0.71
1985,6,26.06,-0.66,24.63,-0.26,27.22,-0.73
1985,7,26.65,-0.54,23.56,-0.16,26.84,-0.58
1985,8,27.24,-0.49,22.97,-0.06,26.58,-0.56
1985,9,27.50,-0.64,22.86,-0.07,26.64,-0.55
1985,10,27.30,-0.83,23.26,-0.04,26.83,-0.60
1985,11,27.01,-0.59,23.89,-0.02,27.06,-0.55
1985,12,26.16,-0.63,24.59,-0.09,27.05,-0.54
1986,1,25.26,-0.74,25.38,-0.22,26.97,-0.61
1986,2,24.99,-0.58,26.53,0.04,27.36,-0.43
1986,3,24.96,-0.59,26.90,-0.12,27.72,-0.48
1986,4,25.10,-0.79,26.67,-0.24,28.02,-0.51
1986,5,25.44,-0.89,25.98,-0.16,27.96,-0.48
1986,6,25.90,-0.83,24.90,0.02,27.56,-0.39
1986,7,26.31,-0.88,23.63,-0.09,27.08,-0.34
1986,8,26.82,-0.91,22.95,-0.07,26.77,-0.37
1986,9,27.37,-0.78,22.99,0.06,26.90,-0.29
1986,10,27.35,-0.78,23.17,-0.13,27.19,-0.23
1986,11,26.96,-0.63,23.64,-0.27,27.45,-0.17
1986,12,25.75,-1.04,24.42,-0.25,27.41,-0.18
1987,1,25.50,-0.50,25.21,-0.39,27.44,-0.14
1987,2,25.14,-0.43,26.20,-0.29,27.68,-0.11
1987,3,25.40,-0.15,26.79,-0.23,28.24,0.04
1987,4,25.83,-0.05,26.74,-0.17,28.49,-0.04
1987,5,26.31,-0.02,26.05,-0.09,28.48,0.04
1987,6,27.01,0.29,24.91,0.02,27.99,0.05
1987,7,27.05,-0.14,23.84,0.12,27.56,0.14
1987,8,27.78,0.05,23.03,0.01,27.30,0.16
1987,9,28.01,-0.14,22.85,-0.08,27.41,0.22
1987,10,28.17,0.04,23.40,0.09,27.61,0.18
1987,11,27.63,0.04,24.24,0.33,27.83,0.22
1987,12,26.97,0.18,24.78,0.10,27.79,0.20
1988,1,25.98,-0.02,25.88,0.28,27.75,0.17
1988,2,25.44,-0.13,26.67,0.18,27.85,0.07
1988,3,25.62,0.07,27.27,0.24,28.24,0.04
1988,4,25.92,0.04,27.05,0.13,28.37,-0.16
1988,5,26.22,-0.11,26.43,0.29,28.03,-0.41
1988,6,26.77,0.05,25.20,0.31,27.43,-0.52
1988,7,27.26,0.07,23.88,0.16,26.89,-0.53
1988,8,27.33,-0.40,23.30,0.28,26.71,-0.43
1988,9,27.74,-0.41,22.92,-0.02,26.83,-0.37
1988,10,27.53,-0.61,23.44,0.13,26.87,-0.56
1988,11,27.05,-0.55,23.88,-0.02,26.89,-0.73
1988,12,26.20,-0.58,24.74,0.06,26.84,-0.75
1989,1,25.26,-0.74,25.89,0.29,26.87,-0.71
1989,2,24.87,-0.69,26.42,-0.06,27.13,-0.65
1989,3,24.65,-0.90,27.03,0.00,27.56,-0.64
1989,4,24.92,-0.96,26.85,-0.07,27.93,-0.60
1989,5,25.40,-0.94,26.07,-0.07,27.89,-0.54
1989,6,26.12,-0.60,24.88,-0.01,27.43,-0.52
1989,7,26.85,-0.34,23.67,-0.05,27.00,-0.42
1989,8,27.67,-0.06,23.27,0.25,26.75,-0.39
1989,9,27.56,-0.59,23.07,0.13,26.90,-0.30
1989,10,27.65,-0.48,23.31,0.00,27.08,-0.34
1989,11,27.10,-0.50,23.60,-0.30,27.18,-0.43
1989,12,26.52,-0.27,24.17,-0.51,27.24,-0.35
1990,1,25.59,-0.40,24.88,-0.72,27.26,-0.33
1990,2,25.24,-0.32,26.19,-0.29,27.65,-0.13
1990,3,25.32,-0.23,26.86,-0.17,27.97,-0.22
1990,4,25.84,-0.05,26.94,0.02,28.37,-0.16
1990,5,26.35,0.01,25.78,-0.36,28.23,-0.21
1990,6,26.38,-0.34,24.81,-0.07,27.66,-0.29
1990,7,27.03,-0.16,23.40,-0.32,27.16,-0.26
1990,8,27.51,-0.22,22.67,-0.35,26.91,-0.23
1990,9,28.05,-0.10,22.76,-0.17,27.01,-0.18
1990,10,27.96,-0.18,23.33,0.03,27.25,-0.17
1990,11,27.34,-0.25,23.83,-0.07,27.41,-0.20
1990,12,26.52,-0.27,24.71,0.03,27.47,-0.13
1991,1,25.63,-0.37,25.23,-0.37,27.45,-0.13
1991,2,25.19,-0.38,26.23,-0.26,27.65,-0.13
1991,3,25.04,-0.51,26.74,-0.28,28.02,-0.18
1991,4,25.31,-0.58,26.86,-0.05,28.41,-0.12
1991,5,25.68,-0.65,26.27,0.13,28.40,-0.04
1991,6,26.09,-0.63,24.85,-0.04,27.91,-0.04
1991,7,26.49,-0.70,23.37,-0.35,27.33,-0.09
1991,8,26.85,-0.88,22.77,-0.26,27.04,-0.10
1991,9,27.50,-0.65,22.57,-0.36,27.01,-0.18
1991,10,27.44,-0.70,22.87,-0.43,27.30,-0.13
1991,11,26.93,-0.67,23.31,-0.59,27.48,-0.13
1991,12,26.28,-0.51,24.26,-0.42,27.56,-0.04
1992,1,25.50,-0.50,25.17,-0.43,27.51,-0.07
1992,2,25.05,-0.52,25.98,-0.51,27.78,-0.01
1992,3,25.13,-0.42,26.20,-0.82,28.11,-0.09
1992,4,25.38,-0.50,25.94,-0.97,28.50,-0.03
1992,5,25.95,-0.38,25.14,-1.00,28.48,0.04
1992,6,26.12,-0.60,23.82,-1.06,27.81,-0.14
1992,7,26.78,-0.41,22.88,-0.84,27.18,-0.24
1992,8,27.23,-0.50,22.18,-0.85,26.77,-0.36
1992,9,27.60,-0.54,22.14,-0.79,26.88,-0.31
1992,10,27.50,-0.64,22.52,-0.78,27.06,-0.36
1992,11,27.03,-0.57,23.01,-0.89,27.21,-0.40
1992,12,26.06,-0.73,23.91,-0.77,27.19,-0.40
1993,1,25.52,-0.48,25.14,-0.46,27.30,-0.28
1993,2,25.05,-0.51,26.03,-0.46,27.55,-0.23
1993,3,25.09,-0.45,26.48,-0.54,27.91,-0.29
1993,4,25.57,-0.31,26.77,-0.14,28.30,-0.23
1993,5,26.10,-0.23,25.68,-0.46,28.33,-0.10
1993,6,26.48,-0.25,24.49,-0.39,27.74,-0.21
1993,7,26.66,-0.53,23.56,-0.16,27.22,-0.20
1993,8,27.08,-0.65,22.80,-0.22,26.87,-0.27
1993,9,27.59,-0.56,23.27,0.33,27.02,-0.17
1993,10,27.69,-0.44,23.79,0.49,27.23,-0.19
1993,11,27.05,-0.55,24.53,0.62,27.53,-0.08
1993,12,26.22,-0.56,25.06,0.38,27.49,-0.10
1994,1,25.30,-0.70,25.55,-0.05,27.44,-0.14
1994,2,24.72,-0.85,26.18,-0.30,27.54,-0.25
1994,3,24.80,-0.74,27.02,-0.00,27.96,-0.24
1994,4,25.10,-0.78,26.73,-0.18,28.23,-0.29
1994,5,25.53,-0.80,26.00,-0.14,28.22,-0.22
1994,6,25.89,-0.83,24.65,-0.24,27.66,-0.28
1994,7,26.42,-0.77,23.17,-0.55,27.10,-0.32
1994,8,27.13,-0.60,22.70,-0.32,26.88,-0.25
1994,9,27.40,-0.75,22.40,-0.53,26.83,-0.36
1994,10,27.34,-0.79,22.96,-0.34,27.26,-0.17
1994,11,27.03,-0.56,23.92,0.02,27.53,-0.09
1994,12,26.11,-0.68,24.53,-0.14,27.55,-0.04
1995,1,25.67,-0.33,25.59,-0.02,27.55,-0.03
1995,2,25.22,-0.35,26.62,0.14,27.79,0.00
1995,3,25.36,-0.19,27.21,0.19,28.12,-0.08
1995,4,25.93,0.05,27.19,0.28,28.33,-0.20
1995,5,26.57,0.23,26.16,0.01,28.22,-0.21
1995,6,26.74,0.01,25.13,0.24,27.81,-0.13
1995,7,27.25,0.06,23.62,-0.10,27.32,-0.10
1995,8,27.77,0.04,22.45,-0.57,26.90,-0.24
1995,9,28.05,-0.10,22.55,-0.38,26.91,-0.28
1995,10,28.18,0.05,22.97,-0.34,27.07,-0.35
1995,11,27.74,0.14,23.64,-0.27,27.27,-0.34
1995,12,26.99,0.21,24.30,-0.38,27.20,-0.39
1996,1,26.35,0.36,25.21,-0.40,27.19,-0.39
1996,2,25.92,0.36,26.45,-0.03,27.44,-0.35
1996,3,25.67,0.12,26.91,-0.11,27.90,-0.30
1996,4,25.96,0.08,27.04,0.13,28.18,-0.35
1996,5,26.27,-0.06,26.23,0.09,28.05,-0.39
1996,6,26.58,-0.14,25.20,0.32,27.64,-0.31
1996,7,26.85,-0.34,23.95,0.23,27.12,-0.30
1996,8,27.43,-0.30,23.10,0.08,26.87,-0.26
1996,9,27.89,-0.26,22.85,-0.09,26.92,-0.28
1996,10,27.65,-0.48,23.08,-0.23,27.10,-0.33
1996,11,27.00,-0.59,23.54,-0.37,27.19,-0.42
1996,12,26.53,-0.25,24.15,-0.53,27.15,-0.44
1997,1,25.97,-0.02,24.70,-0.91,27.12,-0.46
1997,2,25.45,-0.12,25.55,-0.94,27.39,-0.39
1997,3,25.18,-0.37,26.01,-1.01,27.85,-0.35
1997,4,25.79,-0.09,25.90,-1.01,28.27,-0.26
1997,5,26.32,-0.02,24.93,-1.21,28.30,-0.13
1997,6,26.78,0.06,23.78,-1.11,27.94,-0.00
1997,7,27.10,-0.09,23.13,-0.59,27.58,0.16
1997,8,27.54,-0.19,22.51,-0.51,27.35,0.21
1997,9,27.86,-0.29,22.72,-0.22,27.50,0.31
1997,10,28.20,0.06,23.63,0.33,27.83,0.40
1997,11,27.78,0.19,24.38,0.48,28.16,0.55
1997,12,26.79,0.01,25.30,0.62,28.23,0.63
1998,1,26.19,0.19,26.05,0.45,28.20,0.62
1998,2,25.92,0.36,26.68,0.20,28.46,0.67
1998,3,25.75,0.21,27.07,0.04,28.73,0.53
1998,4,26.23,0.34,26.94,0.02,28.89,0.37
1998,5,26.84,0.51,26.14,-0.00,28.78,0.34
1998,6,27.26,0.54,25.16,0.28,28.10,0.16
1998,7,27.55,0.36,24.18,0.46,27.51,0.09
1998,8,28.09,0.36,23.11,0.08,27.15,0.01
1998,9,28.05,-0.10,22.91,-0.02,27.10,-0.09
1998,10,28.02,-0.11,23.12,-0.18,27.19,-0.24
1998,11,27.58,-0.02,23.88,-0.02,27.28,-0.33
1998,12,26.75,-0.04,24.34,-0.34,27.15,-0.44
1999,1,25.49,-0.51,25.06,-0.55,27.05,-0.53
1999,2,25.16,-0.40,26.00,-0.48,27.39,-0.40
1999,3,25.24,-0.31,26.70,-0.32,27.86,-0.34
1999,4,25.57,-0.31,26.91,-0.00,28.00,-0.53
1999,5,26.11,-0.23,26.14,0.00,27.92,-0.52
1999,6,26.43,-0.29,24.70,-0.18,27.46,-0.49
1999,7,27.04,-0.15,24.05,0.33,27.04,-0.38
1999,8,27.71,-0.02,23.13,0.10,26.71,-0.42
1999,9,28.05,-0.10,22.96,0.02,26.76,-0.43
1999,10,27.95,-0.18,23.38,0.08,26.91,-0.52
1999,11,27.40,-0.19,23.89,-0.02,27.05,-0.56
1999,12,26.90,0.12,24.85,0.17,27.08,-0.52
2000,1,25.72,-0.28,25.33,-0.27,27.02,-0.56
2000,2,25.21,-0.36,26.54,0.05,27.32,-0.47
2000,3,25.19,-0.36,26.84,-0.18,27.72,-0.48
2000,4,25.33,-0.56,26.58,-0.33,28.13,-0.40
2000,5,25.83,-0.50,25.95,-0.20,28.01,-0.42
2000,6,26.29,-0.44,24.72,-0.17,27.50,-0.45
2000,7,26.84,-0.35,23.53,-0.19,27.02,-0.40
2000,8,27.32,-0.41,23.13,0.11,26.84,-0.30
2000,9,27.62,-0.52,22.93,-0.00,26.98,-0.21
2000,10,27.85,-0.28,23.23,-0.08,27.12,-0.30
2000,11,27.14,-0.45,23.78,-0.12,27.29,-0.32
2000,12,26.01,-0.78,24.34,-0.34,27.17,-0.43
2001,1,25.36,-0.63,25.39,-0.21,27.26,-0.32
2001,2,25.12,-0.44,26.18,-0.31,27.48,-0.30
2001,3,25.42,-0.13,26.79,-0.24,28.12,-0.08
2001,4,25.50,-0.39,26.77,-0.14,28.36,-0.16
2001,5,26.12,-0.21,26.37,0.23,28.30,-0.14
2001,6,26.55,-0.17,24.90,0.01,27.82,-0.13
2001,7,27.18,-0.01,23.68,-0.04,27.29,-0.13
2001,8,27.55,-0.18,22.81,-0.21,26.95,-0.19
2001,9,28.01,-0.14,22.65,-0.28,27.07,-0.12
2001,10,27.70,-0.43,23.20,-0.10,27.27,-0.16
2001,11,27.61,0.02,23.86,-0.04,27.32,-0.29
2001,12,26.95,0.16,24.39,-0.29,27.33,-0.26
2002,1,26.45,0.45,25.30,-0.31,27.41,-0.17
2002,2,25.81,0.25,26.02,-0.46,27.61,-0.18
2002,3,25.78,0.23,26.81,-0.21,28.17,-0.03
2002,4,25.85,-0.04,26.84,-0.07,28.50,-0.03
2002,5,26.03,-0.30,26.29,0.15,28.48,0.04
2002,6,26.32,-0.40,24.97,0.08,28.05,0.10
2002,7,26.63,-0.56,23.67,-0.05,27.46,0.04
2002,8,27.33,-0.40,22.80,-0.23,27.16,0.02
2002,9,27.71,-0.44,22.72,-0.22,27.26,0.07
2002,10,28.03,-0.11,23.22,-0.09,27.51,0.08
2002,11,27.49,-0.11,23.65,-0.25,27.79,0.18
2002,12,26.46,-0.33,24.78,0.10,27.92,0.32
2003,1,25.89,-0.10,25.81,0.21,27.82,0.23
2003,2,25.49,-0.08,26.91,0.43,27.97,0.19
2003,3,25.25,-0.29,27.31,0.29,28.34,0.14
2003,4,25.51,-0.38,27.01,0.09,28.50,-0.03
2003,5,25.79,-0.55,26.07,-0.08,28.21,-0.23
2003,6,26.31,-0.41,24.60,-0.29,27.85,-0.10
2003,7,27.08,-0.11,23.89,0.17,27.45,0.03
2003,8,28.00,0.27,23.45,0.43,27.22,0.08
2003,9,28.36,0.21,23.11,0.18,27.27,0.08
2003,10,28.42,0.29,23.69,0.39,27.61,0.18
2003,11,27.67,0.07,24.24,0.34,27.73,0.12
2003,12,27.03,0.24,24.99,0.31,27.69,0.10
2004,1,26.29,0.29,25.79,0.18,27.74,0.16
2004,2,25.85,0.28,26.30,-0.18,27.88,0.09
2004,3,25.71,0.16,26.64,-0.38,28.16,-0.04
2004,4,26.29,0.41,26.32,-0.59,28.51,-0.01
2004,5,26.38,0.05,25.58,-0.56,28.18,-0.25
2004,6,26.68,-0.04,24.58,-0.31,27.67,-0.28
2004,7,27.26,0.07,23.56,-0.16,27.24,-0.18
2004,8,28.04,0.31,23.13,0.10,27.06,-0.08
2004,9,28.35,0.21,23.25,0.31,27.29,0.10
2004,10,28.40,0.26,23.23,-0.07,27.49,0.07
2004,11,28.02,0.43,23.94,0.04,27.76,0.15
2004,12,27.20,0.41,24.81,0.13,27.79,0.20
2005,1,26.50,0.50,25.96,0.36,27.82,0.24
2005,2,26.34,0.78,26.79,0.31,27.94,0.15
2005,3,26.43,0.88,27.32,0.30,28.34,0.15
2005,4,26.76,0.88,26.88,-0.03,28.60,0.08
2005,5,27.31,0.98,25.70,-0.44,28.52,0.08
2005,6,27.62,0.90,24.31,-0.58,27.96,0.01
2005,7,27.93,0.74,23.21,-0.51,27.43,0.01
2005,8,28.22,0.49,22.76,-0.26,27.21,0.07
2005,9,28.62,0.47,22.71,-0.22,27.20,0.01
2005,10,28.31,0.17,23.07,-0.23,27.41,-0.01
2005,11,27.67,0.08,23.69,-0.22,27.40,-0.21
2005,12,27.14,0.35,24.51,-0.17,27.36,-0.23
2006,1,26.20,0.21,25.26,-0.34,27.29,-0.30
2006,2,25.69,0.12,26.60,0.12,27.65,-0.13
2006,3,25.52,-0.03,27.05,0.02,27.99,-0.21
2006,4,26.10,0.22,27.05,0.13,28.34,-0.18
2006,5,26.71,0.37,26.32,0.18,28.40,-0.04
2006,6,26.83,0.11,25.19,0.30,28.01,0.06
2006,7,27.06,-0.13,23.93,0.21,27.39,-0.03
2006,8,27.68,-0.05,23.27,0.24,27.24,0.11
2006,9,28.30,0.16,23.16,0.23,27.40,0.21
2006,10,28.40,0.27,23.32,0.02,27.59,0.16
2006,11,27.93,0.34,23.89,-0.01,27.90,0.28
2006,12,26.89,0.10,24.80,0.12,27.98,0.39
2007,1,26.19,0.19,25.57,-0.03,27.94,0.36
2007,2,26.12,0.55,26.48,-0.01,28.02,0.24
2007,3,25.83,0.28,26.84,-0.19,28.25,0.06
2007,4,26.10,0.21,26.77,-0.14,28.56,0.03
2007,5,26.39,0.05,26.20,0.06,28.33,-0.10
2007,6,26.67,-0.05,25.06,0.17,27.97,0.03
2007,7,27.11,-0.08,23.74,0.02,27.32,-0.10
2007,8,27.44,-0.29,23.05,0.02,27.01,-0.13
2007,9,27.90,-0.25,23.20,0.27,27.06,-0.13
2007,10,28.05,-0.08,23.25,-0.06,27.16,-0.26
2007,11,27.43,-0.17,23.94,0.03,27.19,-0.42
2007,12,26.61,-0.18,24.69,0.01,27.21,-0.38
2008,1,25.89,-0.10,25.61,0.01,27.20,-0.38
2008,2,25.31,-0.25,26.82,0.34,27.41,-0.38
2008,3,25.38,-0.17,27.41,0.39,27.91,-0.29
2008,4,25.61,-0.28,27.36,0.44,28.22,-0.31
2008,5,26.36,0.03,26.76,0.62,28.19,-0.24
2008,6,26.94,0.22,25.39,0.51,27.73,-0.22
2008,7,27.46,0.27,24.23,0.51,27.37,-0.05
2008,8,27.97,0.24,23.53,0.51,27.22,0.08
2008,9,28.64,0.49,23.19,0.26,27.31,0.12
2008,10,28.56,0.43,23.26,-0.04,27.49,0.06
2008,11,27.88,0.29,23.95,0.05,27.58,-0.03
2008,12,27.00,0.21,24.81,0.13,27.41,-0.18
2009,1,26.05,0.05,25.72,0.12,27.43,-0.15
2009,2,25.33,-0.23,26.62,0.13,27.58,-0.21
2009,3,25.34,-0.21,27.35,0.33,28.04,-0.16
2009,4,25.83,-0.06,27.26,0.35,28.47,-0.06
2009,5,26.08,-0.26,26.57,0.43,28.56,0.13
2009,6,26.57,-0.15,25.28,0.39,28.25,0.30
2009,7,27.35,0.16,23.83,0.11,27.71,0.29
2009,8,27.79,0.06,23.11,0.09,27.45,0.32
2009,9,28.24,0.09,23.10,0.17,27.45,0.26
2009,10,28.19,0.06,23.62,0.32,27.77,0.35
2009,11,27.73,0.14,24.16,0.26,28.00,0.39
2009,12,26.92,0.13,25.26,0.59,28.09,0.50
2010,1,26.42,0.42,26.23,0.63,28.05,0.47
2010,2,26.24,0.68,26.91,0.43,28.23,0.45
2010,3,26.71,1.16,27.74,0.72,28.68,0.49
2010,4,27.05,1.17,27.51,0.60,29.04,0.51
2010,5,27.52,1.19,26.64,0.50,28.78,0.34
2010,6,27.84,1.11,25.54,0.66,28.15,0.20
2010,7,28.20,1.01,24.05,0.33,27.47,0.05
2010,8,28.50,0.77,23.22,0.20,26.99,-0.14
2010,9,28.70,0.55,23.06,0.13,26.95,-0.24
2010,10,28.64,0.50,23.54,0.24,27.15,-0.27
2010,11,28.10,0.51,24.09,0.19,27.27,-0.34
2010,12,27.34,0.55,24.81,0.13,27.21,-0.38
2011,1,26.69,0.69,25.72,0.11,27.14,-0.44
2011,2,25.91,0.34,27.00,0.52,27.51,-0.28
2011,3,25.97,0.42,27.52,0.50,27.96,-0.23
2011,4,26.34,0.46,27.32,0.41,28.31,-0.22
2011,5,26.75,0.41,26.21,0.07,28.25,-0.18
2011,6,27.41,0.69,24.73,-0.16,27.82,-0.13
2011,7,27.56,0.37,23.86,0.14,27.33,-0.09
2011,8,28.07,0.34,23.00,-0.03,27.04,-0.10
2011,9,28.20,0.05,23.06,0.13,27.00,-0.19
2011,10,28.10,-0.03,23.39,0.09,27.21,-0.21
2011,11,27.60,0.00,23.79,-0.11,27.39,-0.22
2011,12,26.80,0.01,23.96,-0.72,27.26,-0.33
2012,1,25.91,-0.09,24.93,-0.67,27.31,-0.27
2012,2,25.48,-0.09,25.65,-0.83,27.55,-0.24
2012,3,25.22,-0.33,26.68,-0.34,27.94,-0.26
2012,4,25.77,-0.11,26.39,-0.52,28.42,-0.11
2012,5,26.28,-0.05,25.84,-0.30,28.40,-0.03
2012,6,26.83,0.11,24.38,-0.50,27.94,-0.01
2012,7,27.37,0.18,23.43,-0.29,27.44,0.02
2012,8,27.99,0.26,22.89,-0.13,27.26,0.12
2012,9,28.50,0.35,22.76,-0.17,27.34,0.15
2012,10,28.30,0.17,22.96,-0.34,27.53,0.10
2012,11,28.06,0.47,23.62,-0.28,27.78,0.17
2012,12,27.23,0.45,24.66,-0.01,27.63,0.04
2013,1,26.18,0.19,25.78,0.18,27.62,0.04
2013,2,25.75,0.19,26.45,-0.04,27.86,0.07
2013,3,26.15,0.61,26.99,-0.03,28.23,0.04
2013,4,26.31,0.43,26.88,-0.03,28.59,0.06
2013,5,26.70,0.37,26.17,0.03,28.33,-0.10
2013,6,27.05,0.33,24.77,-0.12,27.76,-0.18
2013,7,27.30,0.11,23.62,-0.10,27.28,-0.14
2013,8,27.92,0.19,23.14,0.11,27.03,-0.11
2013,9,28.48,0.34,22.90,-0.03,27.22,0.03
2013,10,28.40,0.27,23.22,-0.09,27.47,0.04
2013,11,27.61,0.02,23.63,-0.27,27.69,0.08
2013,12,26.76,-0.03,24.57,-0.11,27.61,0.02
2014,1,25.89,-0.11,25.56,-0.05,27.58,0.00
2014,2,25.37,-0.20,26.66,0.17,27.67,-0.11
2014,3,25.16,-0.39,27.06,0.04,28.18,-0.02
2014,4,25.68,-0.21,26.93,0.01,28.66,0.13
2014,5,26.12,-0.21,26.32,0.18,28.74,0.30
2014,6,26.51,-0.21,25.22,0.34,28.32,0.37
2014,7,26.96,-0.23,23.72,0.00,27.61,0.19
2014,8,27.61,-0.12,22.97,-0.05,27.36,0.22
2014,9,28.19,0.04,23.00,0.07,27.38,0.19
2014,10,28.34,0.21,23.34,0.04,27.70,0.27
2014,11,27.63,0.03,23.44,-0.47,27.95,0.33
2014,12,26.89,0.10,24.25,-0.42,27.90,0.30
2015,1,26.03,0.03,25.81,0.21,27.83,0.25
2015,2,25.74,0.17,26.75,0.27,28.04,0.26
2015,3,25.58,0.03,27.02,-0.01,28.39,0.19
2015,4,25.54,-0.34,27.08,0.16,28.93,0.40
2015,5,25.98,-0.35,26.25,0.11,28.89,0.45
2015,6,26.28,-0.44,24.91,0.02,28.43,0.48
2015,7,26.93,-0.26,23.59,-0.13,27.98,0.56
2015,8,27.67,-0.06,22.74,-0.28,27.69,0.55
2015,9,28.50,0.35,22.76,-0.18,27.83,0.64
2015,10,28.62,0.48,23.30,-0.01,28.15,0.72
2015,11,27.85,0.25,24.13,0.23,28.52,0.91
2015,12,26.80,0.01,25.25,0.57,28.57,0.97
2016,1,26.15,0.15,26.32,0.71,28.62,1.04
2016,2,25.71,0.15,27.12,0.63,28.60,0.81
2016,3,25.91,0.37,27.49,0.47,29.04,0.84
2016,4,26.17,0.29,27.20,0.29,29.18,0.65
2016,5,26.79,0.46,26.32,0.18,28.91,0.47
2016,6,27.08,0.35,25.42,0.54,28.34,0.39
2016,7,27.62,0.43,24.30,0.58,27.71,0.29
2016,8,28.23,0.50,23.55,0.53,27.40,0.26
2016,9,28.49,0.34,23.28,0.34,27.42,0.22
2016,10,28.45,0.32,23.59,0.28,27.59,0.16
2016,11,28.05,0.46,24.19,0.29,27.73,0.12
2016,12,27.35,0.56,25.20,0.52,27.83,0.24
2017,1,26.32,0.33,25.97,0.37,27.82,0.24
2017,2,25.85,0.28,26.51,0.02,28.06,0.27
2017,3,25.69,0.14,27.10,0.08,28.53,0.33
2017,4,26.13,0.24,27.20,0.28,28.89,0.36
2017,5,26.79,0.45,26.47,0.33,28.78,0.35
2017,6,27.27,0.55,25.26,0.37,28.22,0.27
2017,7,27.84,0.65,23.92,0.20,27.71,0.30
2017,8,28.25,0.52,23.48,0.46,27.46,0.32
2017,9,28.42,0.28,23.26,0.33,27.34,0.15
2017,10,28.13,-0.00,23.50,0.20,27.59,0.17
2017,11,27.79,0.19,24.00,0.10,27.66,0.05
2017,12,27.27,0.48,24.54,-0.14,27.48,-0.11
2018,1,26.26,0.27,25.72,0.11,27.50,-0.08
2018,2,25.49,-0.07,26.31,-0.17,27.72,-0.07
2018,3,25.52,-0.02,26.82,-0.20,28.15,-0.05
2018,4,25.64,-0.25,26.96,0.05,28.56,0.03
2018,5,25.84,-0.49,26.24,0.10,28.51,0.08
2018,6,26.03,-0.69,25.14,0.25,28.02,0.08
2018,7,26.75,-0.44,23.94,0.22,27.51,0.10
2018,8,27.45,-0.28,23.36,0.33,27.29,0.16
2018,9,28.14,-0.01,23.17,0.23,27.45,0.26
2018,10,28.15,0.02,23.75,0.45,27.83,0.41
2018,11,27.51,-0.08,24.20,0.30,28.06,0.45
2018,12,26.45,-0.34,24.97,0.29,28.08,0.49
2019,1,25.83,-0.17,25.93,0.33,28.03,0.45
2019,2,25.70,0.13,26.99,0.51,28.16,0.38
2019,3,25.42,-0.13,27.84,0.82,28.63,0.43
2019,4,25.84,-0.05,27.34,0.42,28.92,0.40
2019,5,26.27,-0.07,26.47,0.33,28.82,0.38
2019,6,26.89,0.17,25.12,0.23,28.30,0.36
2019,7,27.35,0.16,23.92,0.20,27.70,0.28
2019,8,27.89,0.16,23.06,0.03,27.34,0.20
2019,9,28.55,0.40,23.24,0.30,27.35,0.16
2019,10,28.48,0.35,23.56,0.26,27.73,0.31
2019,11,27.73,0.14,24.74,0.84,28.02,0.41
2019,12,26.80,0.01,25.57,0.89,28.09,0.50
2020,1,26.07,0.07,26.70,1.09,28.19,0.61
2020,2,25.79,0.23,27.23,0.75,28.34,0.55
2020,3,25.96,0.42,27.69,0.67,28.74,0.54
2020,4,26.33,0.45,27.49,0.57,29.06,0.53
2020,5,26.58,0.25,26.81,0.67,28.79,0.35
2020,6,27.32,0.59,25.32,0.43,28.24,0.30
2020,7,27.77,0.58,24.07,0.35,27.76,0.34
2020,8,28.15,0.42,23.52,0.49,27.38,0.24
2020,9,28.54,0.39,23.16,0.22,27.28,0.08
2020,10,28.40,0.27,23.53,0.23,27.46,0.03
2020,11,27.78,0.19,24.01,0.11,27.62,0.00
2020,12,27.15,0.36,24.54,-0.13,27.54,-0.05
2021,1,26.48,0.49,25.60,-0.00,27.45,-0.14
2021,2,25.80,0.23,26.41,-0.08,27.70,-0.09
2021,3,25.69,0.14,26.89,-0.13,28.17,-0.03
2021,4,26.03,0.14,27.14,0.22,28.48,-0.05
2021,5,26.35,0.01,26.78,0.63,28.47,0.04
2021,6,26.81,0.09,25.64,0.75,28.12,0.17
2021,7,27.31,0.12,24.69,0.97,27.69,0.27
2021,8,27.97,0.24,24.01,0.99,27.41,0.27
2021,9,28.57,0.42,23.67,0.73,27.44,0.25
2021,10,28.29,0.15,24.06,0.76,27.59,0.17
2021,11,27.90,0.31,24.53,0.63,27.69,0.08
2021,12,27.05,0.26,24.88,0.20,27.49,-0.10
2022,1,26.34,0.35,26.04,0.44,27.59,0.01
2022,2,26.08,0.51,27.17,0.69,27.71,-0.07
2022,3,25.64,0.10,27.45,0.43,28.14,-0.06
2022,4,25.89,0.01,27.23,0.32,28.46,-0.07
2022,5,26.65,0.31,26.29,0.14,28.32,-0.11
2022,6,27.11,0.39,25.36,0.48,27.94,-0.00
2022,7,27.44,0.25,23.88,0.16,27.32,-0.10
2022,8,28.09,0.36,23.26,0.24,27.09,-0.05
2022,9,28.56,0.41,23.23,0.30,27.11,-0.08
2022,10,28.38,0.25,23.74,0.44,27.27,-0.15
2022,11,27.48,-0.11,24.37,0.46,27.48,-0.13
2022,12,26.78,-0.01,25.16,0.48,27.50,-0.09
2023,1,25.90,-0.10,26.32,0.71,27.58,0.00
2023,2,25.71,0.14,26.85,0.36,27.77,-0.02
2023,3,25.98,0.43,27.25,0.23,28.40,0.20
2023,4,26.42,0.54,27.20,0.28,29.03,0.50
2023,5,27.17,0.83,26.76,0.61,28.99,0.55
2023,6,28.04,1.32,25.23,0.34,28.53,0.59
2023,7,28.50,1.31,23.98,0.26,28.10,0.68
2023,8,29.00,1.27,23.39,0.37,27.97,0.83
2023,9,29.48,1.34,23.23,0.30,28.07,0.87
2023,10,29.18,1.05,23.35,0.05,28.25,0.82
2023,11,28.46,0.87,24.59,0.69,28.56,0.95
2023,12,27.76,0.97,25.92,1.24,28.62,1.02
2024,1,27.09,1.10,26.79,1.19,28.67,1.08
2024,2,26.91,1.34,27.72,1.24,28.80,1.02
2024,3,27.09,1.54,28.43,1.41,29.06,0.87
2024,4,27.42,1.54,28.22,1.31,29.39,0.86
2024,5,27.82,1.49,27.12,0.98,29.10,0.66
2024,6,28.19,1.47,25.45,0.56,28.50,0.55
2024,7,28.39,1.20,23.99,0.27,27.94,0.52
2024,8,28.82,1.09,23.30,0.27,27.57,0.43
2024,9,29.26,1.12,23.32,0.39,27.71,0.52
2024,10,29.15,1.02,23.73,0.42,27.88,0.46
2024,11,28.47,0.87,24.22,0.32,28.04,0.43
2024,12,27.40,0.61,25.11,0.43,27.78,0.19
2025,1,26.87,0.88,25.98,0.37,27.79,0.21
2025,2,26.17,0.60,27.02,0.54,28.07,0.28
2025,3,25.89,0.34,27.31,0.29,28.51,0.31
2025,4,25.99,0.11,27.15,0.23,28.74,0.21
2025,5,26.53,0.19,26.39,0.25,28.71,0.27
2025,6,26.85,0.13,25.02,0.13,28.23,0.28
2025,7,27.67,0.48,23.82,0.10,27.72,0.30
2025,8,28.22,0.49,23.23,0.20,27.37,0.23
2025,9,28.64,0.50,23.16,0.22,27.37,0.17
2025,10,28.54,0.41,23.45,0.15,27.56,0.13
2025,11,27.98,0.39,23.93,0.02,27.57,-0.04
2025,12,26.99,0.20,24.82,0.14,27.62,0.03
2026,1,26.31,0.31,26.02,0.42,27.65,0.07
2026,2,25.97,0.40,27.02,0.53,28.04,0.25
2026,3,25.67,0.13,27.53,0.51,28.55,0.36
2026,4,25.95,0.07,27.55,0.64,29.03,0.50
2026,5,26.51,0.18,26.46,0.32,29.05,0.62
2026,6,26.89,0.17,25.21,0.32,28.73,0.78
2026,7,27.56,0.37,23.92,0.20,28.32,0.90